{
 "ours_7000": {
  "SSIM": {
   "00000.png": 0.8192681074142456,
   "00001.png": 0.8060264587402344,
   "00002.png": 0.8691918849945068,
   "00003.png": 0.7159935235977173,
   "00004.png": 0.8100046515464783,
   "00005.png": 0.8001931309700012,
   "00006.png": 0.7745465636253357,
   "00007.png": 0.7395873665809631,
   "00008.png": 0.7341876029968262,
   "00009.png": 0.745703935623169,
   "00010.png": 0.7138084173202515,
   "00011.png": 0.4710606336593628,
   "00012.png": 0.8201668858528137,
   "00013.png": 0.7815501093864441,
   "00014.png": 0.576668918132782,
   "00015.png": 0.6894200444221497,
   "00016.png": 0.5873110890388489,
   "00017.png": 0.6796740293502808,
   "00018.png": 0.5927351713180542,
   "00019.png": 0.6913957595825195,
   "00020.png": 0.6667361259460449,
   "00021.png": 0.7413702011108398,
   "00022.png": 0.8582532405853271,
   "00023.png": 0.7864478230476379,
   "00024.png": 0.6311564445495605,
   "00025.png": 0.6755533814430237,
   "00026.png": 0.7074369192123413,
   "00027.png": 0.6536300778388977,
   "00028.png": 0.6018032431602478,
   "00029.png": 0.8161610960960388,
   "00030.png": 0.70595782995224,
   "00031.png": 0.809934139251709,
   "00032.png": 0.7739509344100952,
   "00033.png": 0.4307492673397064,
   "00034.png": 0.714422881603241,
   "00035.png": 0.7295435667037964,
   "00036.png": 0.7072458863258362,
   "00037.png": 0.7380444407463074
  },
  "PSNR": {
   "00000.png": 21.927148818969727,
   "00001.png": 20.516460418701172,
   "00002.png": 24.565616607666016,
   "00003.png": 19.424911499023438,
   "00004.png": 22.275310516357422,
   "00005.png": 22.30496597290039,
   "00006.png": 20.93517303466797,
   "00007.png": 20.423391342163086,
   "00008.png": 20.489023208618164,
   "00009.png": 19.773052215576172,
   "00010.png": 16.678203582763672,
   "00011.png": 15.517532348632812,
   "00012.png": 20.31995964050293,
   "00013.png": 19.81777000427246,
   "00014.png": 15.530309677124023,
   "00015.png": 19.821460723876953,
   "00016.png": 15.13574504852295,
   "00017.png": 19.784334182739258,
   "00018.png": 17.742076873779297,
   "00019.png": 20.088136672973633,
   "00020.png": 18.37458038330078,
   "00021.png": 19.821203231811523,
   "00022.png": 23.02127456665039,
   "00023.png": 21.370521545410156,
   "00024.png": 14.142932891845703,
   "00025.png": 17.9228515625,
   "00026.png": 20.372451782226562,
   "00027.png": 18.333805084228516,
   "00028.png": 17.0881290435791,
   "00029.png": 25.04117774963379,
   "00030.png": 19.749595642089844,
   "00031.png": 24.003185272216797,
   "00032.png": 22.650177001953125,
   "00033.png": 12.554161071777344,
   "00034.png": 17.864891052246094,
   "00035.png": 16.364421844482422,
   "00036.png": 20.12417221069336,
   "00037.png": 20.346923828125
  },
  "LPIPS": {
   "00000.png": 0.25308114290237427,
   "00001.png": 0.230868399143219,
   "00002.png": 0.19491147994995117,
   "00003.png": 0.3712122440338135,
   "00004.png": 0.27280306816101074,
   "00005.png": 0.27170461416244507,
   "00006.png": 0.2712060809135437,
   "00007.png": 0.32179734110832214,
   "00008.png": 0.33608391880989075,
   "00009.png": 0.2954242527484894,
   "00010.png": 0.33802682161331177,
   "00011.png": 0.5124859809875488,
   "00012.png": 0.29213452339172363,
   "00013.png": 0.31955868005752563,
   "00014.png": 0.39181050658226013,
   "00015.png": 0.2770031690597534,
   "00016.png": 0.39430177211761475,
   "00017.png": 0.3312017321586609,
   "00018.png": 0.39142826199531555,
   "00019.png": 0.3319813013076782,
   "00020.png": 0.38061070442199707,
   "00021.png": 0.31452250480651855,
   "00022.png": 0.21846099197864532,
   "00023.png": 0.2794434130191803,
   "00024.png": 0.3453752398490906,
   "00025.png": 0.3275117874145508,
   "00026.png": 0.35201776027679443,
   "00027.png": 0.3798488974571228,
   "00028.png": 0.37020182609558105,
   "00029.png": 0.24370431900024414,
   "00030.png": 0.3482886850833893,
   "00031.png": 0.2656533718109131,
   "00032.png": 0.3078850507736206,
   "00033.png": 0.5398764610290527,
   "00034.png": 0.3589403033256531,
   "00035.png": 0.3590860366821289,
   "00036.png": 0.2914343476295471,
   "00037.png": 0.3011515736579895
  }
 },
 "ours_30000": {
  "SSIM": {
   "00000.png": 0.8850868940353394,
   "00001.png": 0.875522792339325,
   "00002.png": 0.9289056062698364,
   "00003.png": 0.797416627407074,
   "00004.png": 0.8626648187637329,
   "00005.png": 0.8491674065589905,
   "00006.png": 0.875863254070282,
   "00007.png": 0.823209285736084,
   "00008.png": 0.843757688999176,
   "00009.png": 0.8815165162086487,
   "00010.png": 0.8604001402854919,
   "00011.png": 0.7173436284065247,
   "00012.png": 0.8973835706710815,
   "00013.png": 0.8834083676338196,
   "00014.png": 0.7235305905342102,
   "00015.png": 0.7580651044845581,
   "00016.png": 0.7028167843818665,
   "00017.png": 0.774743378162384,
   "00018.png": 0.7175135612487793,
   "00019.png": 0.7899875640869141,
   "00020.png": 0.7480129599571228,
   "00021.png": 0.8315429091453552,
   "00022.png": 0.9191722273826599,
   "00023.png": 0.8402256369590759,
   "00024.png": 0.8151102662086487,
   "00025.png": 0.8273410797119141,
   "00026.png": 0.8106056451797485,
   "00027.png": 0.7861985564231873,
   "00028.png": 0.7376741170883179,
   "00029.png": 0.8898732662200928,
   "00030.png": 0.8113148212432861,
   "00031.png": 0.8926316499710083,
   "00032.png": 0.8709059953689575,
   "00033.png": 0.6016146540641785,
   "00034.png": 0.7974304556846619,
   "00035.png": 0.7740550637245178,
   "00036.png": 0.8220342397689819,
   "00037.png": 0.8205468058586121
  },
  "PSNR": {
   "00000.png": 25.132972717285156,
   "00001.png": 23.333871841430664,
   "00002.png": 27.749969482421875,
   "00003.png": 22.443336486816406,
   "00004.png": 24.205732345581055,
   "00005.png": 22.21976089477539,
   "00006.png": 23.5225772857666,
   "00007.png": 23.15007972717285,
   "00008.png": 24.464433670043945,
   "00009.png": 22.94902992248535,
   "00010.png": 22.189918518066406,
   "00011.png": 19.845495223999023,
   "00012.png": 24.92755699157715,
   "00013.png": 22.947256088256836,
   "00014.png": 19.14146614074707,
   "00015.png": 20.661651611328125,
   "00016.png": 17.836633682250977,
   "00017.png": 22.325695037841797,
   "00018.png": 19.93246841430664,
   "00019.png": 22.534238815307617,
   "00020.png": 19.709388732910156,
   "00021.png": 22.70353126525879,
   "00022.png": 22.09040069580078,
   "00023.png": 22.759517669677734,
   "00024.png": 19.009910583496094,
   "00025.png": 23.197439193725586,
   "00026.png": 21.713350296020508,
   "00027.png": 21.538314819335938,
   "00028.png": 18.77190399169922,
   "00029.png": 25.63123893737793,
   "00030.png": 23.846343994140625,
   "00031.png": 27.103221893310547,
   "00032.png": 25.065265655517578,
   "00033.png": 16.264137268066406,
   "00034.png": 18.960670471191406,
   "00035.png": 16.620847702026367,
   "00036.png": 21.869352340698242,
   "00037.png": 22.002586364746094
  },
  "LPIPS": {
   "00000.png": 0.16469354927539825,
   "00001.png": 0.15434977412223816,
   "00002.png": 0.12192419916391373,
   "00003.png": 0.2728734612464905,
   "00004.png": 0.19519202411174774,
   "00005.png": 0.21443858742713928,
   "00006.png": 0.150552436709404,
   "00007.png": 0.22489477694034576,
   "00008.png": 0.2088843584060669,
   "00009.png": 0.14102639257907867,
   "00010.png": 0.1888984590768814,
   "00011.png": 0.24124887585639954,
   "00012.png": 0.17917576432228088,
   "00013.png": 0.17814894020557404,
   "00014.png": 0.25764957070350647,
   "00015.png": 0.1679779291152954,
   "00016.png": 0.2646975815296173,
   "00017.png": 0.21020138263702393,
   "00018.png": 0.2703363299369812,
   "00019.png": 0.21937412023544312,
   "00020.png": 0.2816026508808136,
   "00021.png": 0.20896166563034058,
   "00022.png": 0.1231456845998764,
   "00023.png": 0.17266041040420532,
   "00024.png": 0.19815686345100403,
   "00025.png": 0.15487684309482574,
   "00026.png": 0.19557863473892212,
   "00027.png": 0.20763945579528809,