{
 "ours_7000": {
  "SSIM": 0.7149181365966797,
  "PSNR": 19.532028198242188,
  "LPIPS": 0.32586944103240967
 },
 "ours_30000": {
  "SSIM": 0.8169630169868469,
  "PSNR": 22.11503791809082,
  "LPIPS": 0.20451366901397705
 }
}