{
 "ours_7000": {
  "SSIM": {
   "00000.png": 0.8871244192123413,
   "00001.png": 0.8816829323768616,
   "00002.png": 0.8456697463989258,
   "00003.png": 0.8501868844032288,
   "00004.png": 0.8369377255439758,
   "00005.png": 0.8643090724945068,
   "00006.png": 0.877234935760498,
   "00007.png": 0.8102445006370544,
   "00008.png": 0.8436959385871887,
   "00009.png": 0.8925067782402039,
   "00010.png": 0.8567521572113037,
   "00011.png": 0.8641522526741028,
   "00012.png": 0.8693200945854187,
   "00013.png": 0.8849496841430664,
   "00014.png": 0.84329754114151,
   "00015.png": 0.8135753273963928,
   "00016.png": 0.8316540718078613,
   "00017.png": 0.8614243268966675,
   "00018.png": 0.8341637849807739,
   "00019.png": 0.8363428115844727,
   "00020.png": 0.8625400066375732,
   "00021.png": 0.8570894598960876,
   "00022.png": 0.8697382211685181,
   "00023.png": 0.8511224985122681,
   "00024.png": 0.863709568977356,
   "00025.png": 0.8785313367843628,
   "00026.png": 0.8646676540374756,
   "00027.png": 0.7899690866470337,
   "00028.png": 0.83534836769104,
   "00029.png": 0.8262169361114502,
   "00030.png": 0.8601660132408142,
   "00031.png": 0.8627071380615234
  },
  "PSNR": {
   "00000.png": 25.207128524780273,
   "00001.png": 25.015413284301758,
   "00002.png": 23.933712005615234,
   "00003.png": 24.525447845458984,
   "00004.png": 24.37576675415039,
   "00005.png": 25.083538055419922,
   "00006.png": 24.305727005004883,
   "00007.png": 23.258373260498047,
   "00008.png": 22.991512298583984,
   "00009.png": 25.050527572631836,
   "00010.png": 25.084550857543945,
   "00011.png": 23.915485382080078,
   "00012.png": 23.199216842651367,
   "00013.png": 24.589155197143555,
   "00014.png": 23.367158889770508,
   "00015.png": 22.281177520751953,
   "00016.png": 23.793010711669922,
   "00017.png": 24.157623291015625,
   "00018.png": 25.140384674072266,
   "00019.png": 22.62629508972168,
   "00020.png": 25.403541564941406,
   "00021.png": 23.859619140625,
   "00022.png": 25.47959327697754,
   "00023.png": 24.85238265991211,
   "00024.png": 25.07122802734375,
   "00025.png": 24.401586532592773,
   "00026.png": 23.834136962890625,
   "00027.png": 20.815107345581055,
   "00028.png": 22.96623992919922,
   "00029.png": 22.34880828857422,
   "00030.png": 23.727510452270508,
   "00031.png": 23.33895492553711
  },
  "LPIPS": {
   "00000.png": 0.1605812907218933,
   "00001.png": 0.15427345037460327,
   "00002.png": 0.14856013655662537,
   "00003.png": 0.18580682575702667,
   "00004.png": 0.19203749299049377,
   "00005.png": 0.16225984692573547,
   "00006.png": 0.17002072930335999,
   "00007.png": 0.20237697660923004,
   "00008.png": 0.21434295177459717,
   "00009.png": 0.19783559441566467,
   "00010.png": 0.23201221227645874,
   "00011.png": 0.17062947154045105,
   "00012.png": 0.1561160385608673,
   "00013.png": 0.16596806049346924,
   "00014.png": 0.1844865381717682,
   "00015.png": 0.22200411558151245,
   "00016.png": 0.21322356164455414,
   "00017.png": 0.15883341431617737,
   "00018.png": 0.18753021955490112,
   "00019.png": 0.2333831638097763,
   "00020.png": 0.25769346952438354,
   "00021.png": 0.18189173936843872,
   "00022.png": 0.1924091875553131,
   "00023.png": 0.23148837685585022,
   "00024.png": 0.24797402322292328,
   "00025.png": 0.17527098953723907,
   "00026.png": 0.15016308426856995,
   "00027.png": 0.24024604260921478,
   "00028.png": 0.20021498203277588,
   "00029.png": 0.23553843796253204,
   "00030.png": 0.19452503323554993,
   "00031.png": 0.21571633219718933
  }
 },
 "ours_30000": {
  "SSIM": {
   "00000.png": 0.9188309907913208,
   "00001.png": 0.912085235118866,
   "00002.png": 0.8840633630752563,
   "00003.png": 0.8684142827987671,
   "00004.png": 0.8800463676452637,
   "00005.png": 0.8807116746902466,
   "00006.png": 0.896386981010437,
   "00007.png": 0.8526164889335632,
   "00008.png": 0.8759790658950806,
   "00009.png": 0.9198222160339355,
   "00010.png": 0.8822755813598633,
   "00011.png": 0.8904876112937927,
   "00012.png": 0.9016696214675903,
   "00013.png": 0.9119089841842651,
   "00014.png": 0.8826507329940796,
   "00015.png": 0.8465176224708557,
   "00016.png": 0.8645811676979065,
   "00017.png": 0.8744122385978699,
   "00018.png": 0.8518692255020142,
   "00019.png": 0.8761478066444397,
   "00020.png": 0.8985536098480225,
   "00021.png": 0.877478301525116,
   "00022.png": 0.8988190293312073,
   "00023.png": 0.9062522649765015,
   "00024.png": 0.9023234248161316,
   "00025.png": 0.9000126719474792,
   "00026.png": 0.8908306956291199,
   "00027.png": 0.8271762728691101,
   "00028.png": 0.8819131255149841,
   "00029.png": 0.8697953820228577,
   "00030.png": 0.8945468664169312,
   "00031.png": 0.9006592631340027
  },
  "PSNR": {
   "00000.png": 26.770164489746094,
   "00001.png": 26.273704528808594,
   "00002.png": 25.671541213989258,
   "00003.png": 25.52181053161621,
   "00004.png": 26.141510009765625,
   "00005.png": 26.326601028442383,
   "00006.png": 24.689329147338867,
   "00007.png": 24.531877517700195,
   "00008.png": 24.150691986083984,
   "00009.png": 27.5593204498291,
   "00010.png": 26.015987396240234,
   "00011.png": 25.116973876953125,
   "00012.png": 25.43268394470215,
   "00013.png": 26.34839630126953,
   "00014.png": 24.843481063842773,
   "00015.png": 23.413196563720703,
   "00016.png": 25.639802932739258,
   "00017.png": 24.971176147460938,
   "00018.png": 25.61791229248047,
   "00019.png": 23.76099395751953,
   "00020.png": 26.745729446411133,
   "00021.png": 25.288803100585938,
   "00022.png": 26.968629837036133,
   "00023.png": 27.402116775512695,
   "00024.png": 26.376829147338867,
   "00025.png": 25.40865707397461,
   "00026.png": 25.151992797851562,
   "00027.png": 21.652637481689453,
   "00028.png": 24.61888313293457,
   "00029.png": 24.466020584106445,
   "00030.png": 24.8664493560791,
   "00031.png": 25.826824188232422
  },
  "LPIPS": {
   "00000.png": 0.10921512544155121,
   "00001.png": 0.10733295977115631,
   "00002.png": 0.09904874116182327,
   "00003.png": 0.14298076927661896,
   "00004.png": 0.1290540099143982,
   "00005.png": 0.12070664018392563,
   "00006.png": 0.13237610459327698,
   "00007.png": 0.14217767119407654,
   "00008.png": 0.15292438864707947,
   "00009.png": 0.15287774801254272,
   "00010.png": 0.18163782358169556,
   "00011.png": 0.12451199442148209,
   "00012.png": 0.10879959166049957,
   "00013.png": 0.12260454893112183,
   "00014.png": 0.13196848332881927,
   "00015.png": 0.16176694631576538,
   "00016.png": 0.16265738010406494,
   "00017.png": 0.1218852698802948,
   "00018.png": 0.12499691545963287,
   "00019.png": 0.17190071940422058,
   "00020.png": 0.1950298547744751,
   "00021.png": 0.1376209855079651,
   "00022.png": 0.1404448002576828,
   "00023.png": 0.16207951307296753,
   "00024.png": 0.18486228585243225,
   "00025.png": 0.13612741231918335,
   "00026.png": 0.11180180311203003,
   "00027.png": 0.16925635933876038,
   "00028.png": 0.1322648972272873,
   "00029.png": 0.15850917994976044,
   "00030.png": 0.14122410118579865,
   "00031.png": 0.1662221997976303
  }
 }
}