{
 "ours_7000": {
  "SSIM": {
   "00000.png": 0.825285017490387,
   "00001.png": 0.8225357532501221,
   "00002.png": 0.8690374493598938,
   "00003.png": 0.7234008312225342,
   "00004.png": 0.8108075261116028,
   "00005.png": 0.804408848285675,
   "00006.png": 0.7841893434524536,
   "00007.png": 0.7423923015594482,
   "00008.png": 0.7370191216468811,
   "00009.png": 0.7434734106063843,
   "00010.png": 0.7214660048484802,
   "00011.png": 0.47026973962783813,
   "00012.png": 0.8341619372367859,
   "00013.png": 0.776638388633728,
   "00014.png": 0.5802046656608582,
   "00015.png": 0.6971628069877625,
   "00016.png": 0.6248483657836914,
   "00017.png": 0.7073894739151001,
   "00018.png": 0.6165311336517334,
   "00019.png": 0.6941099166870117,
   "00020.png": 0.6750354766845703,
   "00021.png": 0.7467802166938782,
   "00022.png": 0.8583206534385681,
   "00023.png": 0.7861523628234863,
   "00024.png": 0.6370176076889038,
   "00025.png": 0.6991001963615417,
   "00026.png": 0.7134774923324585,
   "00027.png": 0.684891402721405,
   "00028.png": 0.598595917224884,
   "00029.png": 0.8155941367149353,
   "00030.png": 0.7079553008079529,
   "00031.png": 0.8086075186729431,
   "00032.png": 0.7783509492874146,
   "00033.png": 0.4298393428325653,
   "00034.png": 0.715535581111908,
   "00035.png": 0.7383964657783508,
   "00036.png": 0.7180953621864319,
   "00037.png": 0.7483334541320801
  },
  "PSNR": {
   "00000.png": 22.360525131225586,
   "00001.png": 21.27875328063965,
   "00002.png": 23.758731842041016,
   "00003.png": 19.875858306884766,
   "00004.png": 22.08061981201172,
   "00005.png": 22.33218765258789,
   "00006.png": 21.439735412597656,
   "00007.png": 20.590763092041016,
   "00008.png": 20.62863540649414,
   "00009.png": 19.624170303344727,
   "00010.png": 17.318389892578125,
   "00011.png": 15.43527603149414,
   "00012.png": 20.511585235595703,
   "00013.png": 19.45697593688965,
   "00014.png": 15.783851623535156,
   "00015.png": 20.11655616760254,
   "00016.png": 16.948305130004883,
   "00017.png": 20.30917739868164,
   "00018.png": 18.223377227783203,
   "00019.png": 19.743188858032227,
   "00020.png": 18.123672485351562,
   "00021.png": 20.05660057067871,
   "00022.png": 22.513294219970703,
   "00023.png": 21.384075164794922,
   "00024.png": 14.499141693115234,
   "00025.png": 20.404685974121094,
   "00026.png": 20.508840560913086,
   "00027.png": 19.22124481201172,
   "00028.png": 17.125017166137695,
   "00029.png": 25.595314025878906,
   "00030.png": 20.480457305908203,
   "00031.png": 24.116077423095703,
   "00032.png": 23.07411003112793,
   "00033.png": 12.391810417175293,
   "00034.png": 18.191640853881836,
   "00035.png": 16.760934829711914,
   "00036.png": 20.367324829101562,
   "00037.png": 20.723388671875
  },
  "LPIPS": {
   "00000.png": 0.24953490495681763,
   "00001.png": 0.21849915385246277,
   "00002.png": 0.19284480810165405,
   "00003.png": 0.37084537744522095,
   "00004.png": 0.2660578489303589,
   "00005.png": 0.26548030972480774,
   "00006.png": 0.25952672958374023,
   "00007.png": 0.32042196393013,
   "00008.png": 0.3315163850784302,
   "00009.png": 0.2883070111274719,
   "00010.png": 0.3322407603263855,
   "00011.png": 0.5153487324714661,
   "00012.png": 0.28433144092559814,
   "00013.png": 0.3196817934513092,
   "00014.png": 0.3895014822483063,
   "00015.png": 0.2630273699760437,
   "00016.png": 0.3610180616378784,
   "00017.png": 0.28961876034736633,
   "00018.png": 0.35608339309692383,
   "00019.png": 0.3224063217639923,
   "00020.png": 0.35838788747787476,
   "00021.png": 0.30559301376342773,
   "00022.png": 0.21558153629302979,
   "00023.png": 0.27062422037124634,
   "00024.png": 0.34273242950439453,
   "00025.png": 0.318644642829895,
   "00026.png": 0.3403528332710266,
   "00027.png": 0.3581061363220215,
   "00028.png": 0.36819785833358765,
   "00029.png": 0.248722642660141,
   "00030.png": 0.3422394096851349,
   "00031.png": 0.26258617639541626,
   "00032.png": 0.3050563335418701,
   "00033.png": 0.5404497385025024,
   "00034.png": 0.35240286588668823,
   "00035.png": 0.35145723819732666,
   "00036.png": 0.27927953004837036,
   "00037.png": 0.2923709750175476
  }
 },
 "ours_30000": {
  "SSIM": {
   "00000.png": 0.8855456709861755,
   "00001.png": 0.8835824728012085,
   "00002.png": 0.9272160530090332,
   "00003.png": 0.7951235175132751,
   "00004.png": 0.8625032305717468,
   "00005.png": 0.8491039276123047,
   "00006.png": 0.8758521676063538,
   "00007.png": 0.8237863779067993,
   "00008.png": 0.8456351161003113,
   "00009.png": 0.8809481263160706,
   "00010.png": 0.855039119720459,
   "00011.png": 0.7167674899101257,
   "00012.png": 0.8988537788391113,
   "00013.png": 0.8902990818023682,
   "00014.png": 0.7219560742378235,
   "00015.png": 0.7689061760902405,
   "00016.png": 0.734401285648346,
   "00017.png": 0.7996851205825806,
   "00018.png": 0.7425070405006409,
   "00019.png": 0.7968562245368958,
   "00020.png": 0.7522485852241516,
   "00021.png": 0.8348800539970398,
   "00022.png": 0.9170262813568115,
   "00023.png": 0.8488068580627441,
   "00024.png": 0.8139987587928772,
   "00025.png": 0.824822723865509,
   "00026.png": 0.8045045137405396,
   "00027.png": 0.806742787361145,
   "00028.png": 0.736010730266571,
   "00029.png": 0.8897712230682373,
   "00030.png": 0.809141993522644,
   "00031.png": 0.8946643471717834,
   "00032.png": 0.8701398968696594,
   "00033.png": 0.5809891223907471,
   "00034.png": 0.8064764142036438,
   "00035.png": 0.7909719944000244,
   "00036.png": 0.8221179842948914,
   "00037.png": 0.8276311755180359
  },
  "PSNR": {
   "00000.png": 24.60155487060547,
   "00001.png": 23.83552360534668,
   "00002.png": 26.246177673339844,
   "00003.png": 21.993066787719727,
   "00004.png": 24.11008644104004,
   "00005.png": 22.838546752929688,
   "00006.png": 22.106473922729492,
   "00007.png": 22.724754333496094,
   "00008.png": 24.571678161621094,
   "00009.png": 22.945999145507812,
   "00010.png": 23.418874740600586,
   "00011.png": 19.749557495117188,
   "00012.png": 23.27354621887207,
   "00013.png": 21.775304794311523,
   "00014.png": 18.558021545410156,
   "00015.png": 21.510791778564453,
   "00016.png": 19.45125389099121,
   "00017.png": 23.09705352783203,
   "00018.png": 20.746196746826172,
   "00019.png": 22.673385620117188,
   "00020.png": 20.049678802490234,
   "00021.png": 23.0032901763916,
   "00022.png": 21.565095901489258,
   "00023.png": 23.27642250061035,
   "00024.png": 18.982181549072266,
   "00025.png": 22.78720474243164,
   "00026.png": 21.42770767211914,
   "00027.png": 21.631210327148438,
   "00028.png": 19.025190353393555,
   "00029.png": 26.217262268066406,
   "00030.png": 23.281566619873047,
   "00031.png": 27.087982177734375,
   "00032.png": 25.06075668334961,
   "00033.png": 14.351848602294922,
   "00034.png": 22.03931999206543,
   "00035.png": 17.534887313842773,
   "00036.png": 21.19487762451172,
   "00037.png": 22.25519371032715
  },
  "LPIPS": {
   "00000.png": 0.16243577003479004,
   "00001.png": 0.14583566784858704,
   "00002.png": 0.11854594945907593,
   "00003.png": 0.2733421325683594,
   "00004.png": 0.1906101405620575,
   "00005.png": 0.20050179958343506,
   "00006.png": 0.14167249202728271,
   "00007.png": 0.22663691639900208,
   "00008.png": 0.203542560338974,
   "00009.png": 0.1360793560743332,
   "00010.png": 0.1755560040473938,
   "00011.png": 0.23897217214107513,
   "00012.png": 0.17352993786334991,
   "00013.png": 0.1759941726922989,
   "00014.png": 0.2535262703895569,
   "00015.png": 0.1563841700553894,
   "00016.png": 0.24194298684597015,
   "00017.png": 0.17355044186115265,
   "00018.png": 0.23517052829265594,
   "00019.png": 0.2121034562587738,
   "00020.png": 0.26476335525512695,
   "00021.png": 0.20029985904693604,
   "00022.png": 0.12308350205421448,
   "00023.png": 0.16523221135139465,
   "00024.png": 0.19866237044334412,
   "00025.png": 0.15314987301826477,
   "00026.png": 0.18273475766181946,
   "00027.png": 0.18656042218208313,