{
 "ours_7000": {
  "SSIM": 0.7222476601600647,
  "PSNR": 19.82511329650879,
  "LPIPS": 0.3170810043811798
 },
 "ours_30000": {
  "SSIM": 0.8206714391708374,
  "PSNR": 22.131567001342773,
  "LPIPS": 0.1960936039686203
 }
}