{
    "ours_7000": {
        "SSIM": 0.8533447980880737,
        "PSNR": 23.999998092651367,
        "LPIPS": 0.1948566734790802,
        "Memory": 398.8192329406738
    },
    "ours_30000": {
        "SSIM": 0.8849949240684509,
        "PSNR": 25.42408561706543,
        "LPIPS": 0.14177711308002472,
        "Memory": 487.18195724487305
    }
}