{
 "ours_7000": {
  "SSIM": {
   "00000.png": 0.8331030011177063,
   "00001.png": 0.8800419569015503,
   "00002.png": 0.8785169720649719,
   "00003.png": 0.8367583155632019,
   "00004.png": 0.9165205359458923,
   "00005.png": 0.891526997089386,
   "00006.png": 0.8772746324539185,
   "00007.png": 0.8891516327857971,
   "00008.png": 0.8517435193061829,
   "00009.png": 0.8563452363014221,
   "00010.png": 0.8475516438484192,
   "00011.png": 0.8975777626037598,
   "00012.png": 0.8590962290763855,
   "00013.png": 0.8672125935554504,
   "00014.png": 0.8384670615196228,
   "00015.png": 0.8843669295310974,
   "00016.png": 0.8970688581466675,
   "00017.png": 0.8914546370506287,
   "00018.png": 0.8777980804443359,
   "00019.png": 0.885892391204834,
   "00020.png": 0.8974171280860901,
   "00021.png": 0.8793547749519348,
   "00022.png": 0.8940877914428711,
   "00023.png": 0.914097011089325,
   "00024.png": 0.8989304304122925,
   "00025.png": 0.92545086145401,
   "00026.png": 0.916137158870697,
   "00027.png": 0.8854372501373291,
   "00028.png": 0.8957391977310181,
   "00029.png": 0.828825831413269
  },
  "PSNR": {
   "00000.png": 24.82471466064453,
   "00001.png": 28.305683135986328,
   "00002.png": 26.999971389770508,
   "00003.png": 25.381383895874023,
   "00004.png": 29.484670639038086,
   "00005.png": 28.242183685302734,
   "00006.png": 27.85006332397461,
   "00007.png": 27.747833251953125,
   "00008.png": 28.343076705932617,
   "00009.png": 25.287904739379883,
   "00010.png": 25.991607666015625,
   "00011.png": 28.73002815246582,
   "00012.png": 24.799732208251953,
   "00013.png": 26.325164794921875,
   "00014.png": 23.694103240966797,
   "00015.png": 27.531761169433594,
   "00016.png": 27.2036190032959,
   "00017.png": 24.752607345581055,
   "00018.png": 27.263622283935547,
   "00019.png": 26.382781982421875,
   "00020.png": 29.192005157470703,
   "00021.png": 27.887866973876953,
   "00022.png": 27.72719383239746,
   "00023.png": 29.092548370361328,
   "00024.png": 29.498207092285156,
   "00025.png": 31.163005828857422,
   "00026.png": 29.818660736083984,
   "00027.png": 26.84748077392578,
   "00028.png": 27.608715057373047,
   "00029.png": 23.776397705078125
  },
  "LPIPS": {
   "00000.png": 0.2981434464454651,
   "00001.png": 0.21977290511131287,
   "00002.png": 0.21794891357421875,
   "00003.png": 0.28546038269996643,
   "00004.png": 0.22409218549728394,
   "00005.png": 0.2773621082305908,
   "00006.png": 0.23446622490882874,
   "00007.png": 0.19966256618499756,
   "00008.png": 0.35320669412612915,
   "00009.png": 0.22840352356433868,
   "00010.png": 0.23120766878128052,
   "00011.png": 0.30122411251068115,
   "00012.png": 0.21795910596847534,
   "00013.png": 0.2202794849872589,
   "00014.png": 0.29434865713119507,
   "00015.png": 0.24499639868736267,
   "00016.png": 0.19630151987075806,
   "00017.png": 0.2564387023448944,
   "00018.png": 0.2283388078212738,
   "00019.png": 0.22441963851451874,
   "00020.png": 0.2294500172138214,
   "00021.png": 0.27593347430229187,
   "00022.png": 0.22137755155563354,
   "00023.png": 0.20827090740203857,
   "00024.png": 0.2497139573097229,
   "00025.png": 0.18261948227882385,
   "00026.png": 0.20131009817123413,
   "00027.png": 0.2134634256362915,
   "00028.png": 0.2212916612625122,
   "00029.png": 0.3113386034965515
  }
 },
 "ours_30000": {
  "SSIM": {
   "00000.png": 0.8805391192436218,
   "00001.png": 0.9105784893035889,
   "00002.png": 0.9120869636535645,
   "00003.png": 0.8503294587135315,
   "00004.png": 0.9382031559944153,
   "00005.png": 0.907256007194519,
   "00006.png": 0.9007718563079834,
   "00007.png": 0.9209846258163452,
   "00008.png": 0.8956270813941956,
   "00009.png": 0.8946377038955688,
   "00010.png": 0.9048838019371033,
   "00011.png": 0.9184009432792664,
   "00012.png": 0.897632896900177,
   "00013.png": 0.9154509902000427,
   "00014.png": 0.8851771354675293,
   "00015.png": 0.909476101398468,
   "00016.png": 0.9264782667160034,
   "00017.png": 0.9051662087440491,
   "00018.png": 0.9097926616668701,
   "00019.png": 0.9160515069961548,
   "00020.png": 0.9211260080337524,
   "00021.png": 0.908898115158081,
   "00022.png": 0.9176439046859741,
   "00023.png": 0.9345511794090271,
   "00024.png": 0.9240778088569641,
   "00025.png": 0.9398385882377625,
   "00026.png": 0.9346759915351868,
   "00027.png": 0.9167507886886597,
   "00028.png": 0.916860044002533,
   "00029.png": 0.8578323125839233
  },
  "PSNR": {
   "00000.png": 27.23357391357422,
   "00001.png": 29.963226318359375,
   "00002.png": 29.150070190429688,
   "00003.png": 26.35080337524414,
   "00004.png": 31.522674560546875,
   "00005.png": 29.45347785949707,
   "00006.png": 29.454862594604492,
   "00007.png": 30.363445281982422,
   "00008.png": 30.03894805908203,
   "00009.png": 27.545711517333984,
   "00010.png": 28.7221622467041,
   "00011.png": 30.794666290283203,
   "00012.png": 26.429662704467773,
   "00013.png": 29.00507164001465,
   "00014.png": 25.895444869995117,
   "00015.png": 29.132959365844727,
   "00016.png": 28.789798736572266,
   "00017.png": 27.064800262451172,
   "00018.png": 28.952245712280273,
   "00019.png": 28.16413688659668,
   "00020.png": 30.77727508544922,
   "00021.png": 29.448659896850586,
   "00022.png": 29.0823917388916,
   "00023.png": 30.777305603027344,
   "00024.png": 31.356456756591797,
   "00025.png": 32.84477996826172,
   "00026.png": 31.836830139160156,
   "00027.png": 28.32259750366211,
   "00028.png": 29.172645568847656,
   "00029.png": 25.326711654663086
  },
  "LPIPS": {
   "00000.png": 0.23708419501781464,
   "00001.png": 0.17335203289985657,
   "00002.png": 0.17136666178703308,
   "00003.png": 0.257601261138916,
   "00004.png": 0.18349413573741913,
   "00005.png": 0.24902218580245972,
   "00006.png": 0.1975521743297577,
   "00007.png": 0.1494663655757904,
   "00008.png": 0.297480046749115,
   "00009.png": 0.17362532019615173,
   "00010.png": 0.1730506867170334,
   "00011.png": 0.2731582522392273,
   "00012.png": 0.16961698234081268,
   "00013.png": 0.16428634524345398,
   "00014.png": 0.23568806052207947,
   "00015.png": 0.21025198698043823,
   "00016.png": 0.1538369059562683,
   "00017.png": 0.22400188446044922,
   "00018.png": 0.1844720095396042,
   "00019.png": 0.17997616529464722,
   "00020.png": 0.18242041766643524,
   "00021.png": 0.22340354323387146,
   "00022.png": 0.1846017837524414,
   "00023.png": 0.1712779849767685,
   "00024.png": 0.205409973859787,
   "00025.png": 0.1552862823009491,
   "00026.png": 0.16777770221233368,
   "00027.png": 0.1671994924545288,
   "00028.png": 0.1885622888803482,
   "00029.png": 0.2642190158367157
  }
 }
}