{
    "ours_7000": {
        "SSIM": 0.8797648549079895,
        "PSNR": 27.258485794067383,
        "LPIPS": 0.24229340255260468,
        "Memory": 230.6715726852417
    },
    "ours_30000": {
        "SSIM": 0.9090594053268433,
        "PSNR": 29.09911346435547,
        "LPIPS": 0.19895140826702118,
        "Memory": 255.48183822631836
    }
}