{
 "ours_7000": {
  "SSIM": {
   "00000.png": 0.5993654131889343,
   "00001.png": 0.5922483801841736,
   "00002.png": 0.6410518884658813,
   "00003.png": 0.6911362409591675,
   "00004.png": 0.7071192860603333,
   "00005.png": 0.7118520736694336,
   "00006.png": 0.6818558573722839,
   "00007.png": 0.7394496202468872,
   "00008.png": 0.7805061936378479,
   "00009.png": 0.7201622128486633,
   "00010.png": 0.7826262712478638,
   "00011.png": 0.7782962918281555,
   "00012.png": 0.8365711569786072,
   "00013.png": 0.7835947275161743,
   "00014.png": 0.8123873472213745,
   "00015.png": 0.7324270606040955
  },
  "PSNR": {
   "00000.png": 22.22346305847168,
   "00001.png": 22.17767333984375,
   "00002.png": 23.094066619873047,
   "00003.png": 24.570388793945312,
   "00004.png": 25.60636329650879,
   "00005.png": 25.288545608520508,
   "00006.png": 25.559627532958984,
   "00007.png": 26.306533813476562,
   "00008.png": 27.56403923034668,
   "00009.png": 25.928117752075195,
   "00010.png": 26.924091339111328,
   "00011.png": 27.402755737304688,
   "00012.png": 28.034133911132812,
   "00013.png": 27.081432342529297,
   "00014.png": 27.365053176879883,
   "00015.png": 26.05231475830078
  },
  "LPIPS": {
   "00000.png": 0.35370326042175293,
   "00001.png": 0.3787493109703064,
   "00002.png": 0.3436584174633026,
   "00003.png": 0.305986225605011,
   "00004.png": 0.3160267174243927,
   "00005.png": 0.302257776260376,
   "00006.png": 0.3632034659385681,
   "00007.png": 0.28547585010528564,
   "00008.png": 0.28341296315193176,
   "00009.png": 0.29962947964668274,
   "00010.png": 0.24113930761814117,
   "00011.png": 0.2621777057647705,
   "00012.png": 0.19737526774406433,
   "00013.png": 0.24418166279792786,
   "00014.png": 0.21127048134803772,
   "00015.png": 0.2810301184654236
  }
 },
 "ours_30000": {
  "SSIM": {
   "00000.png": 0.6299923658370972,
   "00001.png": 0.6284902095794678,
   "00002.png": 0.6980804204940796,
   "00003.png": 0.7300863862037659,
   "00004.png": 0.7695900201797485,
   "00005.png": 0.7595281600952148,
   "00006.png": 0.7284464836120605,
   "00007.png": 0.806769847869873,
   "00008.png": 0.8266313672065735,
   "00009.png": 0.780427873134613,
   "00010.png": 0.8086883425712585,
   "00011.png": 0.8359584808349609,
   "00012.png": 0.871812641620636,
   "00013.png": 0.8263817429542542,
   "00014.png": 0.8661060333251953,
   "00015.png": 0.7777622938156128
  },
  "PSNR": {
   "00000.png": 22.61220932006836,
   "00001.png": 22.304229736328125,
   "00002.png": 23.881824493408203,
   "00003.png": 25.09280014038086,
   "00004.png": 26.9033203125,
   "00005.png": 26.139080047607422,
   "00006.png": 26.666057586669922,
   "00007.png": 27.944231033325195,
   "00008.png": 28.767436981201172,
   "00009.png": 27.145671844482422,
   "00010.png": 27.254478454589844,
   "00011.png": 28.762666702270508,
   "00012.png": 28.99555206298828,
   "00013.png": 27.98590087890625,
   "00014.png": 28.822547912597656,
   "00015.png": 26.752605438232422
  },
  "LPIPS": {
   "00000.png": 0.29979467391967773,
   "00001.png": 0.3089439272880554,
   "00002.png": 0.26574695110321045,
   "00003.png": 0.23969613015651703,
   "00004.png": 0.22963932156562805,
   "00005.png": 0.2162407636642456,
   "00006.png": 0.27698537707328796,
   "00007.png": 0.189656063914299,
   "00008.png": 0.20107878744602203,
   "00009.png": 0.21439839899539948,
   "00010.png": 0.1828840970993042,
   "00011.png": 0.17710232734680176,
   "00012.png": 0.14158937335014343,
   "00013.png": 0.17014089226722717,
   "00014.png": 0.1379641443490982,
   "00015.png": 0.2092554271221161
  }
 }
}