{
 "ours_7000": {
  "SSIM": 0.72441565990448,
  "PSNR": 25.69866371154785,
  "LPIPS": 0.2918298840522766
 },
 "ours_30000": {
  "SSIM": 0.7715470790863037,
  "PSNR": 26.62691307067871,
  "LPIPS": 0.21631976962089539
 }
}