{
 "ours_7000": {
  "SSIM": {
   "00000.png": 0.8393346667289734,
   "00001.png": 0.8844993710517883,
   "00002.png": 0.8676134347915649,
   "00003.png": 0.8229241967201233,
   "00004.png": 0.8445975184440613,
   "00005.png": 0.8858922719955444,
   "00006.png": 0.8886356949806213
  },
  "PSNR": {
   "00000.png": 19.229969024658203,
   "00001.png": 24.07787322998047,
   "00002.png": 24.053016662597656,
   "00003.png": 21.910837173461914,
   "00004.png": 22.052610397338867,
   "00005.png": 24.757423400878906,
   "00006.png": 25.779918670654297
  },
  "LPIPS": {
   "00000.png": 0.19589252769947052,
   "00001.png": 0.15080545842647552,
   "00002.png": 0.16198644042015076,
   "00003.png": 0.1911301165819168,
   "00004.png": 0.18489645421504974,
   "00005.png": 0.14888770878314972,
   "00006.png": 0.1402653157711029
  }
 },
 "ours_30000": {
  "SSIM": {
   "00000.png": 0.9018333554267883,
   "00001.png": 0.9201052784919739,
   "00002.png": 0.9123825430870056,
   "00003.png": 0.869361400604248,
   "00004.png": 0.883224606513977,
   "00005.png": 0.9266651272773743,
   "00006.png": 0.9125607013702393
  },
  "PSNR": {
   "00000.png": 24.264860153198242,
   "00001.png": 27.628196716308594,
   "00002.png": 27.416963577270508,
   "00003.png": 24.502965927124023,
   "00004.png": 25.033266067504883,
   "00005.png": 28.504465103149414,
   "00006.png": 27.652179718017578
  },
  "LPIPS": {
   "00000.png": 0.13926032185554504,
   "00001.png": 0.11730842292308807,
   "00002.png": 0.11803337931632996,
   "00003.png": 0.14175516366958618,
   "00004.png": 0.14708192646503448,
   "00005.png": 0.10466989129781723,
   "00006.png": 0.10712946951389313
  }
 }
}