{
 "ours_7000": {
  "SSIM": 0.8619281053543091,
  "PSNR": 23.123092651367188,
  "LPIPS": 0.16769488155841827
 },
 "ours_30000": {
  "SSIM": 0.9037333130836487,
  "PSNR": 26.428985595703125,
  "LPIPS": 0.12503407895565033
 }
}