{
 "ours_7000": {
  "SSIM": {
   "00000.png": 0.9429164528846741,
   "00001.png": 0.8954793214797974,
   "00002.png": 0.8617038726806641,
   "00003.png": 0.9608474373817444,
   "00004.png": 0.9288424253463745,
   "00005.png": 0.9456373453140259,
   "00006.png": 0.8894192576408386,
   "00007.png": 0.8779848217964172,
   "00008.png": 0.8182856440544128,
   "00009.png": 0.8157324194908142,
   "00010.png": 0.9419664740562439,
   "00011.png": 0.9163437485694885,
   "00012.png": 0.8940285444259644,
   "00013.png": 0.9419553279876709,
   "00014.png": 0.8729948401451111,
   "00015.png": 0.9063296914100647,
   "00016.png": 0.8477768301963806,
   "00017.png": 0.9120567440986633,
   "00018.png": 0.9335123896598816,
   "00019.png": 0.8226348757743835,
   "00020.png": 0.9073361754417419,
   "00021.png": 0.9141222238540649,
   "00022.png": 0.9153804183006287,
   "00023.png": 0.8719785213470459,
   "00024.png": 0.8700795769691467,
   "00025.png": 0.9095559120178223,
   "00026.png": 0.9317941665649414,
   "00027.png": 0.9056962132453918,
   "00028.png": 0.9022055268287659
  },
  "PSNR": {
   "00000.png": 29.48418426513672,
   "00001.png": 32.008583068847656,
   "00002.png": 28.534038543701172,
   "00003.png": 32.88423538208008,
   "00004.png": 31.242666244506836,
   "00005.png": 34.843257904052734,
   "00006.png": 25.495811462402344,
   "00007.png": 30.773303985595703,
   "00008.png": 24.63667106628418,
   "00009.png": 22.153169631958008,
   "00010.png": 34.65900802612305,
   "00011.png": 30.395423889160156,
   "00012.png": 30.998193740844727,
   "00013.png": 28.184375762939453,
   "00014.png": 27.172496795654297,
   "00015.png": 26.2067813873291,
   "00016.png": 27.19354820251465,
   "00017.png": 31.51035499572754,
   "00018.png": 26.908912658691406,
   "00019.png": 25.639751434326172,
   "00020.png": 31.58533477783203,
   "00021.png": 34.112632751464844,
   "00022.png": 27.972681045532227,
   "00023.png": 28.827075958251953,
   "00024.png": 25.83492660522461,
   "00025.png": 32.199886322021484,
   "00026.png": 31.754045486450195,
   "00027.png": 29.243988037109375,
   "00028.png": 31.62625503540039
  },
  "LPIPS": {
   "00000.png": 0.22687406837940216,
   "00001.png": 0.28975409269332886,
   "00002.png": 0.21809682250022888,
   "00003.png": 0.24016140401363373,
   "00004.png": 0.28130537271499634,
   "00005.png": 0.2382180094718933,
   "00006.png": 0.2900158762931824,
   "00007.png": 0.34756213426589966,
   "00008.png": 0.28312548995018005,
   "00009.png": 0.3739543855190277,
   "00010.png": 0.3045869767665863,
   "00011.png": 0.24539119005203247,
   "00012.png": 0.27777594327926636,
   "00013.png": 0.21783608198165894,
   "00014.png": 0.29303044080734253,
   "00015.png": 0.3344874978065491,
   "00016.png": 0.323192298412323,
   "00017.png": 0.267940878868103,
   "00018.png": 0.28010109066963196,
   "00019.png": 0.392419695854187,
   "00020.png": 0.32472455501556396,
   "00021.png": 0.3209106922149658,
   "00022.png": 0.29759570956230164,
   "00023.png": 0.22185668349266052,
   "00024.png": 0.2318110167980194,
   "00025.png": 0.2598961591720581,
   "00026.png": 0.2582349181175232,
   "00027.png": 0.2593420147895813,
   "00028.png": 0.28650057315826416
  }
 },
 "ours_30000": {
  "SSIM": {
   "00000.png": 0.9482486248016357,
   "00001.png": 0.8994497656822205,
   "00002.png": 0.8677441477775574,
   "00003.png": 0.9643468260765076,
   "00004.png": 0.934792160987854,
   "00005.png": 0.9494112730026245,
   "00006.png": 0.8908278346061707,
   "00007.png": 0.8947693109512329,
   "00008.png": 0.8453673720359802,
   "00009.png": 0.8219297528266907,
   "00010.png": 0.9438236355781555,
   "00011.png": 0.9352523684501648,
   "00012.png": 0.917396605014801,
   "00013.png": 0.9540672302246094,
   "00014.png": 0.875187873840332,
   "00015.png": 0.9037470817565918,
   "00016.png": 0.8630455732345581,
   "00017.png": 0.9269070625305176,
   "00018.png": 0.934991180896759,
   "00019.png": 0.8253157138824463,
   "00020.png": 0.9228028655052185,
   "00021.png": 0.9221271276473999,
   "00022.png": 0.9153063297271729,
   "00023.png": 0.8915088176727295,
   "00024.png": 0.8689317107200623,
   "00025.png": 0.9155664443969727,
   "00026.png": 0.9361680150032043,
   "00027.png": 0.9306812882423401,
   "00028.png": 0.9131175875663757
  },
  "PSNR": {
   "00000.png": 29.708301544189453,
   "00001.png": 32.19037628173828,
   "00002.png": 28.675870895385742,
   "00003.png": 33.87888717651367,
   "00004.png": 31.35113525390625,
   "00005.png": 35.50899887084961,
   "00006.png": 25.163652420043945,
   "00007.png": 31.12241554260254,
   "00008.png": 26.031797409057617,
   "00009.png": 22.311038970947266,
   "00010.png": 34.21465301513672,
   "00011.png": 31.75722885131836,
   "00012.png": 32.747249603271484,
   "00013.png": 28.242259979248047,
   "00014.png": 27.399600982666016,
   "00015.png": 27.212200164794922,
   "00016.png": 27.710535049438477,
   "00017.png": 33.14740753173828,
   "00018.png": 30.27469253540039,
   "00019.png": 25.491018295288086,
   "00020.png": 31.843677520751953,
   "00021.png": 34.47562789916992,
   "00022.png": 28.12051773071289,
   "00023.png": 29.664100646972656,
   "00024.png": 25.68183135986328,
   "00025.png": 31.644084930419922,
   "00026.png": 32.058319091796875,
   "00027.png": 31.285900115966797,
   "00028.png": 33.06259536743164
  },
  "LPIPS": {
   "00000.png": 0.2126287817955017,
   "00001.png": 0.24316075444221497,
   "00002.png": 0.15912827849388123,
   "00003.png": 0.2239888608455658,
   "00004.png": 0.26021504402160645,
   "00005.png": 0.21089938282966614,
   "00006.png": 0.2432330846786499,
   "00007.png": 0.2903655767440796,
   "00008.png": 0.20862609148025513,
   "00009.png": 0.32446497678756714,
   "00010.png": 0.29237744212150574,
   "00011.png": 0.1817159205675125,
   "00012.png": 0.2020190954208374,
   "00013.png": 0.19920431077480316,
   "00014.png": 0.2688863277435303,
   "00015.png": 0.31890204548835754,
   "00016.png": 0.2713942527770996,
   "00017.png": 0.2299945056438446,
   "00018.png": 0.24790897965431213,
   "00019.png": 0.3422912657260895,
   "00020.png": 0.2586899399757385,
   "00021.png": 0.26219871640205383,
   "00022.png": 0.269675076007843,
   "00023.png": 0.17407026886940002,
   "00024.png": 0.19600826501846313,
   "00025.png": 0.21266548335552216,
   "00026.png": 0.24471251666545868,
   "00027.png": 0.1763954907655716,
   "00028.png": 0.25167590379714966
  }
 }
}