{
    "ours_7000": {
        "SSIM": 0.8984343409538269,
        "PSNR": 29.451087951660156,
        "LPIPS": 0.28230002522468567,
        "Memory": 347.0656089782715
    },
    "ours_30000": {
        "SSIM": 0.9073390364646912,
        "PSNR": 30.06813621520996,
        "LPIPS": 0.24060331284999847,
        "Memory": 437.4952049255371
    }
}