{
 "ours_7000": {
  "SSIM": {
   "00000.png": 0.5551817417144775,
   "00001.png": 0.49895989894866943,
   "00002.png": 0.5150607824325562,
   "00003.png": 0.5954039692878723,
   "00004.png": 0.5926978588104248,
   "00005.png": 0.6524782776832581,
   "00006.png": 0.6865033507347107,
   "00007.png": 0.6959380507469177,
   "00008.png": 0.6211661100387573,
   "00009.png": 0.6869409084320068,
   "00010.png": 0.6768593788146973,
   "00011.png": 0.6503161787986755,
   "00012.png": 0.7145703434944153,
   "00013.png": 0.7491127252578735,
   "00014.png": 0.6909345388412476,
   "00015.png": 0.7011337280273438,
   "00016.png": 0.7214670181274414,
   "00017.png": 0.7042215466499329,
   "00018.png": 0.7753939032554626,
   "00019.png": 0.764386773109436,
   "00020.png": 0.7226988673210144,
   "00021.png": 0.7165733575820923,
   "00022.png": 0.7670403122901917,
   "00023.png": 0.6278809905052185,
   "00024.png": 0.7398186922073364
  },
  "PSNR": {
   "00000.png": 21.176151275634766,
   "00001.png": 18.36406135559082,
   "00002.png": 19.32163429260254,
   "00003.png": 19.986568450927734,
   "00004.png": 20.71343994140625,
   "00005.png": 22.544052124023438,
   "00006.png": 24.01538848876953,
   "00007.png": 24.348182678222656,
   "00008.png": 23.648595809936523,
   "00009.png": 24.047130584716797,
   "00010.png": 22.980045318603516,
   "00011.png": 22.784826278686523,
   "00012.png": 24.8465518951416,
   "00013.png": 25.476972579956055,
   "00014.png": 25.305458068847656,
   "00015.png": 24.69286346435547,
   "00016.png": 24.65608787536621,
   "00017.png": 24.89715576171875,
   "00018.png": 27.09103012084961,
   "00019.png": 26.33731460571289,
   "00020.png": 25.784902572631836,
   "00021.png": 25.061071395874023,
   "00022.png": 26.746265411376953,
   "00023.png": 23.501787185668945,
   "00024.png": 25.266498565673828
  },
  "LPIPS": {
   "00000.png": 0.3700193464756012,
   "00001.png": 0.3803373873233795,
   "00002.png": 0.4063580334186554,
   "00003.png": 0.3263845443725586,
   "00004.png": 0.3615386188030243,
   "00005.png": 0.33301424980163574,
   "00006.png": 0.2833419144153595,
   "00007.png": 0.2872702479362488,
   "00008.png": 0.36863580346107483,
   "00009.png": 0.31124770641326904,
   "00010.png": 0.314567893743515,
   "00011.png": 0.3488619327545166,
   "00012.png": 0.2859444320201874,
   "00013.png": 0.260422021150589,
   "00014.png": 0.3552418649196625,
   "00015.png": 0.31615525484085083,
   "00016.png": 0.32567209005355835,
   "00017.png": 0.2717024087905884,
   "00018.png": 0.27025043964385986,
   "00019.png": 0.32261598110198975,
   "00020.png": 0.31854039430618286,
   "00021.png": 0.35726726055145264,
   "00022.png": 0.2789420187473297,
   "00023.png": 0.37044015526771545,
   "00024.png": 0.28650474548339844
  }
 },
 "ours_30000": {
  "SSIM": {
   "00000.png": 0.623274028301239,
   "00001.png": 0.5408918261528015,
   "00002.png": 0.5859468579292297,
   "00003.png": 0.6931831240653992,
   "00004.png": 0.7196253538131714,
   "00005.png": 0.7320456504821777,
   "00006.png": 0.7903249859809875,
   "00007.png": 0.7879180312156677,
   "00008.png": 0.7211366295814514,
   "00009.png": 0.790368378162384,
   "00010.png": 0.766984224319458,
   "00011.png": 0.7650650143623352,
   "00012.png": 0.8110093474388123,
   "00013.png": 0.837655782699585,
   "00014.png": 0.8111750483512878,
   "00015.png": 0.8118607997894287,
   "00016.png": 0.7899550199508667,
   "00017.png": 0.8291105031967163,
   "00018.png": 0.8556866645812988,
   "00019.png": 0.8493818044662476,
   "00020.png": 0.8121434450149536,
   "00021.png": 0.8123073577880859,
   "00022.png": 0.8553646206855774,
   "00023.png": 0.7387720942497253,
   "00024.png": 0.8369878530502319
  },
  "PSNR": {
   "00000.png": 21.84095001220703,
   "00001.png": 18.90817642211914,
   "00002.png": 19.95726776123047,
   "00003.png": 21.295940399169922,
   "00004.png": 22.0740966796875,
   "00005.png": 23.149486541748047,
   "00006.png": 25.81693458557129,
   "00007.png": 25.869983673095703,
   "00008.png": 24.713937759399414,
   "00009.png": 25.822853088378906,
   "00010.png": 24.70452117919922,
   "00011.png": 23.85822105407715,
   "00012.png": 26.73029136657715,
   "00013.png": 27.531545639038086,
   "00014.png": 27.24386978149414,
   "00015.png": 27.15978240966797,
   "00016.png": 25.684001922607422,
   "00017.png": 26.927196502685547,
   "00018.png": 28.86497688293457,
   "00019.png": 28.191741943359375,
   "00020.png": 27.038175582885742,
   "00021.png": 27.295108795166016,
   "00022.png": 28.67292594909668,
   "00023.png": 24.922344207763672,
   "00024.png": 26.739727020263672
  },
  "LPIPS": {
   "00000.png": 0.26993635296821594,
   "00001.png": 0.288293719291687,
   "00002.png": 0.29190993309020996,
   "00003.png": 0.2181154489517212,
   "00004.png": 0.2268352210521698,
   "00005.png": 0.2210301160812378,
   "00006.png": 0.174342542886734,
   "00007.png": 0.1787239909172058,
   "00008.png": 0.2381688952445984,
   "00009.png": 0.1808442622423172,
   "00010.png": 0.20173762738704681,
   "00011.png": 0.20567870140075684,
   "00012.png": 0.17840401828289032,
   "00013.png": 0.1564214825630188,
   "00014.png": 0.21774961054325104,
   "00015.png": 0.19993744790554047,
   "00016.png": 0.20709852874279022,
   "00017.png": 0.14534927904605865,
   "00018.png": 0.17328058183193207,
   "00019.png": 0.20927785336971283,
   "00020.png": 0.20472237467765808,
   "00021.png": 0.2206479012966156,
   "00022.png": 0.179679736495018,
   "00023.png": 0.24267688393592834,
   "00024.png": 0.16767358779907227
  }
 }
}