{
 "ours_7000": {
  "SSIM": 0.6729095578193665,
  "PSNR": 23.743759155273438,
  "LPIPS": 0.3244510591030121
 },
 "ours_30000": {
  "SSIM": 0.7667269706726074,
  "PSNR": 25.240562438964844,
  "LPIPS": 0.2079414427280426
 }
}