{
 "ours_7000": {
  "SSIM": {
   "00000.png": 0.8299289345741272,
   "00001.png": 0.8069483637809753,
   "00002.png": 0.8898053169250488,
   "00003.png": 0.889476478099823,
   "00004.png": 0.8854393362998962,
   "00005.png": 0.896526575088501,
   "00006.png": 0.8670753836631775,
   "00007.png": 0.8607804179191589
  },
  "PSNR": {
   "00000.png": 23.455106735229492,
   "00001.png": 22.354236602783203,
   "00002.png": 27.83295440673828,
   "00003.png": 27.01525115966797,
   "00004.png": 26.713029861450195,
   "00005.png": 27.739299774169922,
   "00006.png": 26.153850555419922,
   "00007.png": 24.092161178588867
  },
  "LPIPS": {
   "00000.png": 0.19345709681510925,
   "00001.png": 0.20336003601551056,
   "00002.png": 0.14683833718299866,
   "00003.png": 0.1401589959859848,
   "00004.png": 0.13802191615104675,
   "00005.png": 0.13073644042015076,
   "00006.png": 0.15569260716438293,
   "00007.png": 0.16413164138793945
  }
 },
 "ours_30000": {
  "SSIM": {
   "00000.png": 0.8530723452568054,
   "00001.png": 0.844268798828125,
   "00002.png": 0.9118082523345947,
   "00003.png": 0.9103291034698486,
   "00004.png": 0.89897221326828,
   "00005.png": 0.9117734432220459,
   "00006.png": 0.8880905508995056,
   "00007.png": 0.8761612176895142
  },
  "PSNR": {
   "00000.png": 25.10865020751953,
   "00001.png": 24.048458099365234,
   "00002.png": 29.986345291137695,
   "00003.png": 28.885494232177734,
   "00004.png": 27.837133407592773,
   "00005.png": 28.962400436401367,
   "00006.png": 27.67437171936035,
   "00007.png": 25.179845809936523
  },
  "LPIPS": {
   "00000.png": 0.16307273507118225,
   "00001.png": 0.1652740240097046,
   "00002.png": 0.11936342716217041,
   "00003.png": 0.11443579196929932,
   "00004.png": 0.11699062585830688,
   "00005.png": 0.1107153370976448,
   "00006.png": 0.1279805600643158,
   "00007.png": 0.1411137878894806
  }
 }
}