{
 "ours_7000": {
  "SSIM": 0.8657475709915161,
  "PSNR": 25.66948699951172,
  "LPIPS": 0.1590496450662613
 },
 "ours_30000": {
  "SSIM": 0.8868094682693481,
  "PSNR": 27.210336685180664,
  "LPIPS": 0.1323682814836502
 }
}