{
 "ours_7000": {
  "SSIM": {
   "00000.png": 0.8493878841400146,
   "00001.png": 0.895056426525116,
   "00002.png": 0.893714427947998,
   "00003.png": 0.8436782360076904,
   "00004.png": 0.8767436742782593,
   "00005.png": 0.9012872576713562,
   "00006.png": 0.902751088142395
  },
  "PSNR": {
   "00000.png": 18.72450065612793,
   "00001.png": 24.834030151367188,
   "00002.png": 26.038681030273438,
   "00003.png": 23.218442916870117,
   "00004.png": 24.58359146118164,
   "00005.png": 25.762588500976562,
   "00006.png": 26.988849639892578
  },
  "LPIPS": {
   "00000.png": 0.19684243202209473,
   "00001.png": 0.1438363790512085,
   "00002.png": 0.13959524035453796,
   "00003.png": 0.1693490892648697,
   "00004.png": 0.15383830666542053,
   "00005.png": 0.13561129570007324,
   "00006.png": 0.12093423306941986
  }
 },
 "ours_30000": {
  "SSIM": {
   "00000.png": 0.8839404582977295,
   "00001.png": 0.9040790796279907,
   "00002.png": 0.9133556485176086,
   "00003.png": 0.8682458996772766,
   "00004.png": 0.884531557559967,
   "00005.png": 0.9247719049453735,
   "00006.png": 0.9159649014472961
  },
  "PSNR": {
   "00000.png": 20.774553298950195,
   "00001.png": 25.52921485900879,
   "00002.png": 27.08940887451172,
   "00003.png": 24.499244689941406,
   "00004.png": 25.389389038085938,
   "00005.png": 27.971290588378906,
   "00006.png": 27.89617347717285
  },
  "LPIPS": {
   "00000.png": 0.15875861048698425,
   "00001.png": 0.13805349171161652,
   "00002.png": 0.12019570171833038,
   "00003.png": 0.1392444372177124,
   "00004.png": 0.14836609363555908,
   "00005.png": 0.1033705398440361,
   "00006.png": 0.10101217031478882
  }
 }
}