{
    "ours_7000": {
        "SSIM": 0.8803740739822388,
        "PSNR": 24.307239532470703,
        "LPIPS": 0.15142956376075745,
        "Memory": 94.01254558563232
    },
    "ours_30000": {
        "SSIM": 0.8992699980735779,
        "PSNR": 25.59275245666504,
        "LPIPS": 0.12985728681087494,
        "Memory": 110.71827983856201
    }
}